model,params,tokens,val_loss,val_acc,time_sec
Tiny,1033344,100000000,1.4229512900114059,0.6041546630859375,981.028217792511
Small,6535008,130700160,1.280061024427414,0.637442626953125,4086.9114570617676
